pool,category,name,x,y,z
1,Target,Gem(Clone),-29.3002,-2.6782,13.8998
1,Target,Gem(Clone),-46.6861,-0.9003,58.9542
1,Target,Gem(Clone),-66.3894,-0.4370,69.7633
1,Target,Gem(Clone),-117.2290,-1.2525,18.9385
1,Target,Gem(Clone),-83.3504,-2.1857,49.6052
1,Target,Gem(Clone),-101.3903,-1.4777,4.8941
1,Target,Gem(Clone),-72.9872,-2.2137,13.5585
1,Target,Gem(Clone),-122.5251,-1.0778,44.7572
1,Target,Gem(Clone),8.5186,-3.2480,28.6486
1,Target,Gem(Clone),-23.7623,-1.0517,57.8432
1,Target,Gem(Clone),4.7261,-3.2135,52.9293
1,Target,Gem(Clone),-122.8241,-1.2517,-0.8692
1,Target,Gem(Clone),-46.1135,-2.0970,1.4192
1,Target,Gem(Clone),-22.4741,-3.3236,36.7831
1,Target,Gem(Clone),-91.8520,-2.5689,29.8346
1,Target,Gem(Clone),-107.7334,-1.1830,57.4761
1,Target,Gem(Clone),-83.4338,-0.5115,72.2915
1,Target,Gem(Clone),-47.9573,-2.6246,18.0456
1,Target,Gem(Clone),-10.1937,-2.3524,9.9166
1,Target,Gem(Clone),-68.4092,-2.5940,44.0058
1,RecallObject,73_strawberry(Clone),-130.4744,-1.2269,61.4368
1,RecallObject,Cylinder.017 (Gas)(Clone),-114.5062,-1.0872,-14.4288
1,RecallObject,CityElectricBox3(Clone),-44.7429,-2.6989,41.7017
1,RecallObject,Tall House Plant(Clone),-91.3588,-1.6368,-8.4991
1,RecallObject,Chair_01(Clone),-22.3431,-1.9491,1.3102
1,RecallObject,Beach Hot Dog(Clone),-106.3327,-1.8589,28.9975
1,RecallObject,CityPaintedElectricBox(Clone),-96.2680,-1.2560,16.5935
1,RecallObject,Tube(Clone),-12.3603,-3.6542,29.9688
1,RecallObject,banana10_lr(Clone),25.0445,-3.9696,38.1714
1,RecallObject,Pale(Clone),-86.2065,-2.1949,1.3791
1,RecallObject,(Box 2) Cube.083(Clone),-84.7443,-2.0874,17.6004
1,RecallObject,66_pumpkin(Clone),-56.1061,-2.8567,43.8672
1,RecallObject,Forklift_01(Clone),-25.3466,0.3922,70.6313
1,RecallObject,Beach Yellow Bottle(Clone),-36.9153,-1.7116,52.6141
1,RecallObject,Ice Cream Cart(Clone),-104.0893,-1.8746,-5.9468
2,Target,Gem(Clone),14.1425,-3.5179,39.2291
2,Target,Gem(Clone),-5.5005,-2.3566,12.4666
2,Target,Gem(Clone),-110.7839,-1.1349,58.2430
2,Target,Gem(Clone),-103.7426,-1.5236,-5.6638
2,Target,Gem(Clone),-103.5200,-1.5276,27.5772
2,Target,Gem(Clone),-49.1899,-0.7494,62.7715
2,Target,Gem(Clone),-20.9968,-3.3044,38.0322
2,Target,Gem(Clone),-3.9612,-2.3049,57.3166
2,Target,Gem(Clone),-71.3116,-2.2580,19.6760
2,Target,Gem(Clone),-52.1001,-2.2164,4.1856
2,Target,Gem(Clone),-77.8141,-2.3108,47.9421
2,Target,Gem(Clone),-59.4207,-2.7193,44.2370
2,Target,Gem(Clone),-130.7666,-0.9581,61.4656
2,Target,Gem(Clone),-85.1051,-1.4965,-8.1554
2,Target,Gem(Clone),-121.5500,-1.2466,-0.5253
2,Target,Gem(Clone),-37.5745,-2.3473,21.4669
2,Target,Gem(Clone),-25.1484,-2.0130,-0.4946
2,Target,Gem(Clone),-28.6779,-0.3807,62.1378
2,Target,Gem(Clone),-121.4794,-1.2001,19.9588
2,Target,Gem(Clone),13.9121,-3.4441,57.0250
2,RecallObject,Beach umbrella(Clone),-105.9987,-1.6112,10.7950
2,RecallObject,Pipes_03(Clone),-92.9854,-1.9071,53.0463
2,RecallObject,Sign_02(Clone),-64.6457,-0.2631,67.8130
2,RecallObject,Ladder_2(Clone),-17.8083,-2.3215,20.7070
2,RecallObject,Forklift_02(Clone),-1.2455,-3.0322,27.1027
2,RecallObject,15_artichoke(Clone),12.2330,-3.4952,20.4149
2,RecallObject,Gem_Green(Clone),-90.4244,-1.9269,17.8538
2,RecallObject,Basketball Machine(Clone),-110.3324,-0.0706,39.4276
2,RecallObject,50_cabbage(Clone),-33.1366,-3.4744,39.5428
2,RecallObject,SM_Big_bin_embedded(Clone),-11.1820,-2.4798,1.8427
2,RecallObject,Washing Machine(Clone),-93.1028,-1.1549,2.9656
2,RecallObject,restaurant_stool.smd_11(Clone),-120.2330,-1.2944,33.2544
2,RecallObject,22_beetroot(Clone),-16.6058,-1.4298,56.3425
2,RecallObject,SM_Stage_Lights_01a(Clone),19.9454,-3.8032,29.8779
2,RecallObject,76_fig(Clone),-115.2191,-1.6809,-8.3318
3,Target,Gem(Clone),5.9226,-3.1676,28.1793
3,Target,Gem(Clone),-120.2822,-1.1042,45.6398
3,Target,Gem(Clone),-94.5865,-0.3244,72.3922
3,Target,Gem(Clone),-46.3833,-0.8475,60.1646
3,Target,Gem(Clone),-93.8270,-2.5822,25.8447
3,Target,Gem(Clone),-69.0781,-2.5546,44.3603
3,Target,Gem(Clone),-40.4483,-2.0557,1.4534
3,Target,Gem(Clone),-58.9160,-2.4460,17.4091
3,Target,Gem(Clone),-6.1150,-2.0740,56.4395
3,Target,Gem(Clone),-65.9790,-0.4344,68.6168
3,Target,Gem(Clone),-103.3416,-1.4669,-1.4412
3,Target,Gem(Clone),-12.6293,-2.0267,0.4681
3,Target,Gem(Clone),14.1255,-3.4143,54.4473
3,Target,Gem(Clone),-121.0041,-1.4137,-15.7300
3,Target,Gem(Clone),-46.4524,-3.0128,41.8905
3,Target,Gem(Clone),24.6888,-3.6827,33.1077
3,Target,Gem(Clone),-76.6489,-2.1370,18.8808
3,Target,Gem(Clone),-10.3513,-2.8222,18.7528
3,Target,Gem(Clone),-94.4277,-1.7283,53.4827
3,Target,Gem(Clone),-13.8351,-3.2742,34.6587
3,RecallObject,Gem_Yellow(Clone),-119.9102,-1.6396,13.4749
3,RecallObject,80_pineapple(Clone),-107.5821,-1.5209,37.6286
3,RecallObject,restaurant_chair01.smd_10(Clone),-32.4545,-2.8712,17.4261
3,RecallObject,(Table 2) Plane.095(Clone),-123.1425,-1.1040,60.0073
3,RecallObject,applered(Clone),-81.2947,-2.4258,48.5270
3,RecallObject,(Fire Extinguisher) Cylinder.014(Clone),-24.8690,-1.2941,53.2179
3,RecallObject,Cooler(Clone),-97.2453,-2.1679,11.0515
3,RecallObject,old tv(Clone),3.5584,-3.0329,51.7463
3,RecallObject,AC_doutdoor(Clone),-24.8189,-3.3944,38.7895
3,RecallObject,SM_Light_Stand_01a(Clone),-88.8947,-1.9381,0.8509
3,RecallObject,Pipes_05(Clone),-54.8384,-0.7234,67.8543
3,RecallObject,round_wooden_table_cloth.smd_4(Clone),-121.5329,-1.3289,24.7612
3,RecallObject,Shelves_02(Clone),-105.4964,-1.3512,20.9780
3,RecallObject,Tree S1 (This one)(Clone),18.6116,-3.8587,21.3606
3,RecallObject,Crate_01(Clone),-115.3982,-1.3098,-5.2971
4,Target,Gem(Clone),-6.2965,-2.2664,7.1281
4,Target,Gem(Clone),21.1974,-3.2450,19.4476
4,Target,Gem(Clone),-95.8535,-1.7517,16.2722
4,Target,Gem(Clone),-116.9219,-1.3314,0.5579
4,Target,Gem(Clone),-30.3645,-2.0676,1.8964
4,Target,Gem(Clone),-123.2352,-1.1460,21.6206
4,Target,Gem(Clone),-91.8946,-2.4734,41.2551
4,Target,Gem(Clone),-6.6824,-2.0882,53.8803
4,Target,Gem(Clone),-30.7886,-0.8895,58.4491
4,Target,Gem(Clone),7.5674,-3.4787,38.5698
4,Target,Gem(Clone),-64.2678,-2.4132,20.4713
4,Target,Gem(Clone),-131.3985,-0.9895,59.9344
4,Target,Gem(Clone),-51.1001,-2.1927,3.2011
4,Target,Gem(Clone),-57.0540,-2.7669,43.9094
4,Target,Gem(Clone),-93.8994,-1.4905,-6.1971
4,Target,Gem(Clone),-112.5802,-1.1038,45.1231
4,Target,Gem(Clone),-36.8009,-2.7252,20.2706
4,Target,Gem(Clone),-50.5561,-0.6860,64.6529
4,Target,Gem(Clone),-77.2283,-1.7755,49.1010
4,Target,Gem(Clone),3.5494,-2.9615,20.5463
4,RecallObject,Japanese Vending Machine(Clone),-9.7946,-3.6881,36.5427
4,RecallObject,Beach Chair(Clone),23.8816,-3.9113,41.7783
4,RecallObject,(Table 1) Plane.093(Clone),-29.5099,-3.5264,38.3114
4,RecallObject,Mailbox(Clone),-114.9995,-1.8675,-14.9005
4,RecallObject,(Box 3) Cube.092(Clone),-111.4555,-1.4911,13.8778
4,RecallObject,(Barrel 2) Cylinder.015(Clone),11.8501,-3.1852,55.2892
4,RecallObject,IndusLight_01(Clone),-115.8527,-0.5637,59.5916
4,RecallObject,Locker_01(Clone),-10.8876,-2.4612,19.8870
4,RecallObject,square_wooden_table_cloth.smd_8(Clone),-104.1859,0.1779,64.8924
4,RecallObject,House Plant(Clone),-52.8484,-2.9570,17.8614
4,RecallObject,44_mango(Clone),-61.9813,-0.8569,65.2328
4,RecallObject,Treadmill(Clone),-104.3561,-1.8389,-5.3943
4,RecallObject,09_pepper(Clone),-14.2014,-2.3281,-0.1272
4,RecallObject,Pipes_06(Clone),-107.0726,-1.3261,54.5743
4,RecallObject,12_potato(Clone),-84.2560,-2.2628,12.2989
